,STABL Lasso,STABL ALasso,STABL XGBoost
STABL Lasso,1.0,0.9088514140532781,7.134823961347958e-21
STABL ALasso,0.9088514140532781,1.0,3.26468445581074e-20
STABL XGBoost,7.134823961347958e-21,3.26468445581074e-20,1.0
