,STABL Lasso,STABL ALasso,STABL XGBoost
STABL Lasso,1.0,0.008848567552593608,1.0978472519775496e-130
STABL ALasso,0.008848567552593608,1.0,1.223290902461309e-138
STABL XGBoost,1.0978472519775496e-130,1.223290902461309e-138,1.0
