,STABL Lasso,STABL ALasso,STABL XGBoost
STABL Lasso,1.0,0.25581324921158777,5.532222505513693e-10
STABL ALasso,0.25581324921158777,1.0,2.8250359097833194e-11
STABL XGBoost,5.532222505513693e-10,2.8250359097833194e-11,1.0
