,Threshold,min FDP+
Fold n°1,0.1,0.14285714285714285
Fold n°2,0.12,0.3333333333333333
Fold n°3,0.14999999999999997,0.3333333333333333
Fold n°4,0.1,0.25
Fold n°5,0.11,0.4
Fold n°6,0.12,0.6
Fold n°7,0.13999999999999999,0.25
Fold n°8,0.15999999999999998,0.3333333333333333
Fold n°9,0.12,0.3333333333333333
Fold n°10,0.13,0.2
Fold n°11,0.13,0.14285714285714285
Fold n°12,0.11,0.4
Fold n°13,0.13999999999999999,0.25
Fold n°14,0.1,0.14285714285714285
Fold n°15,0.12,0.25
