,STABL Lasso,STABL ALasso,STABL XGBoost
STABL Lasso,1.0,0.029921490432767605,5.249429441831665e-17
STABL ALasso,0.029921490432767605,1.0,1.0080017794038756e-20
STABL XGBoost,5.249429441831665e-17,1.0080017794038756e-20,1.0
