,Lasso,RandomForest,XGBoost,STABL Lasso,STABL RandomForest,STABL XGBoost
Lasso,1.0,3.349586435956616e-06,0.4060548439314592,0.022127259581112654,0.0006857256947216448,3.6402748356499114e-06
RandomForest,3.349586435956616e-06,1.0,3.341191787039419e-06,3.357998495257248e-06,3.2664188567159342e-06,3.034825363854747e-06
XGBoost,0.4060548439314592,3.341191787039419e-06,1.0,6.609623967420706e-06,3.217342546515498e-06,2.9886480010098866e-06
STABL Lasso,0.022127259581112654,3.357998495257248e-06,6.609623967420706e-06,1.0,0.18245189407178397,0.00142904332019617
STABL RandomForest,0.0006857256947216448,3.2664188567159342e-06,3.217342546515498e-06,0.18245189407178397,1.0,0.001215549389207847
STABL XGBoost,3.6402748356499114e-06,3.034825363854747e-06,2.9886480010098866e-06,0.00142904332019617,0.001215549389207847,1.0
