,STABL ALasso,STABL XGBoost
STABL ALasso,1.0,6.093991015193254e-50
STABL XGBoost,6.093991015193254e-50,1.0
