,STABL ALasso,STABL XGBoost
STABL ALasso,1.0,0.8225292014829981
STABL XGBoost,0.8225292014829981,1.0
