,STABL Lasso,STABL ALasso,STABL XGBoost
STABL Lasso,1.0,0.6443585519007264,2.295536314604131e-30
STABL ALasso,0.6443585519007264,1.0,1.292835240538068e-28
STABL XGBoost,2.295536314604131e-30,1.292835240538068e-28,1.0
