,STABL Lasso,STABL ALasso,STABL XGBoost
STABL Lasso,1.0,0.8470912317996606,0.001354091097730426
STABL ALasso,0.8470912317996606,1.0,0.001157970219537319
STABL XGBoost,0.001354091097730426,0.001157970219537319,1.0
