,STABL Lasso,STABL ALasso,STABL XGBoost
STABL Lasso,1.0,0.49803588054591075,1.9364291008731557e-144
STABL ALasso,0.49803588054591075,1.0,1.120445428825857e-135
STABL XGBoost,1.9364291008731557e-144,1.120445428825857e-135,1.0
