,STABL Lasso,STABL ALasso,STABL XGBoost
STABL Lasso,1.0,0.558937177685362,2.018552494937297e-06
STABL ALasso,0.558937177685362,1.0,2.487683608433361e-05
STABL XGBoost,2.018552494937297e-06,2.487683608433361e-05,1.0
