,STABL Lasso,STABL ALasso,STABL XGBoost
STABL Lasso,1.0,0.18189604505389112,2.1454504089937838e-41
STABL ALasso,0.18189604505389112,1.0,9.904077763055648e-49
STABL XGBoost,2.1454504089937838e-41,9.904077763055648e-49,1.0
