,STABL Lasso,STABL ALasso,STABL XGBoost
STABL Lasso,1.0,0.7627507223721692,9.781953245247022e-05
STABL ALasso,0.7627507223721692,1.0,4.559521352795223e-05
STABL XGBoost,9.781953245247022e-05,4.559521352795223e-05,1.0
