,STABL Lasso,STABL ALasso,STABL XGBoost
STABL Lasso,1.0,0.025665546207919165,0.45524753688828334
STABL ALasso,0.025665546207919165,1.0,0.004279072267743006
STABL XGBoost,0.45524753688828334,0.004279072267743006,1.0
