,STABL Lasso,STABL ALasso,STABL XGBoost
STABL Lasso,1.0,0.2971484397338853,0.8610862644757881
STABL ALasso,0.2971484397338853,1.0,0.46431197529660195
STABL XGBoost,0.8610862644757881,0.46431197529660195,1.0
