,Threshold,min FDP+
Fold n°1,0.14999999999999997,0.6666666666666666
Fold n°2,0.1,1.0
Fold n°3,0.13,0.3333333333333333
Fold n°4,0.11,0.16666666666666666
Fold n°5,0.16999999999999998,0.5
Fold n°6,0.16999999999999998,0.3333333333333333
Fold n°7,0.12,0.3333333333333333
Fold n°8,0.12,0.4
Fold n°9,0.13999999999999999,0.2
Fold n°10,0.20999999999999996,0.5
Fold n°11,0.13,0.5
Fold n°12,0.1,0.2
Fold n°13,0.13,0.3333333333333333
Fold n°14,0.11,0.5
Fold n°15,0.19999999999999996,0.5
