,STABL Lasso,STABL ALasso,STABL XGBoost
STABL Lasso,1.0,5.16916962345756e-10,1.550060534054998e-258
STABL ALasso,5.16916962345756e-10,1.0,0.0
STABL XGBoost,1.550060534054998e-258,0.0,1.0
