,STABL Lasso,STABL ALasso,STABL XGBoost
STABL Lasso,1.0,0.47023004389937495,0.24390409886679387
STABL ALasso,0.47023004389937495,1.0,0.06716708423605097
STABL XGBoost,0.24390409886679387,0.06716708423605097,1.0
