,STABL Lasso,STABL ALasso,STABL XGBoost
STABL Lasso,1.0,2.153218374653559e-36,1.3790653110945998e-168
STABL ALasso,2.153218374653559e-36,1.0,0.0
STABL XGBoost,1.3790653110945998e-168,0.0,1.0
