,STABL Lasso,STABL ALasso,STABL XGBoost
STABL Lasso,1.0,0.09892202405551022,0.8821410945680793
STABL ALasso,0.09892202405551022,1.0,0.053928097812176064
STABL XGBoost,0.8821410945680793,0.053928097812176064,1.0
