,STABL Lasso,STABL ALasso,STABL XGBoost
STABL Lasso,1.0,8.144393333321896e-08,1.4336160001563572e-09
STABL ALasso,8.144393333321896e-08,1.0,0.02402724535275202
STABL XGBoost,1.4336160001563572e-09,0.02402724535275202,1.0
