,STABL Lasso,STABL ALasso,STABL XGBoost
STABL Lasso,1.0,0.5396437512050836,2.1412135175246032e-32
STABL ALasso,0.5396437512050836,1.0,3.433009802005286e-32
STABL XGBoost,2.1412135175246032e-32,3.433009802005286e-32,1.0
