,STABL Lasso,STABL ALasso,STABL XGBoost
STABL Lasso,1.0,0.008866105284124915,1.691352813503539e-23
STABL ALasso,0.008866105284124915,1.0,1.0284777839108313e-09
STABL XGBoost,1.691352813503539e-23,1.0284777839108313e-09,1.0
