,STABL Lasso,STABL ALasso,STABL XGBoost
STABL Lasso,1.0,0.024977552781067742,0.19634391246326044
STABL ALasso,0.024977552781067742,1.0,0.481238667353053
STABL XGBoost,0.19634391246326044,0.481238667353053,1.0
