,STABL Lasso,STABL ALasso,STABL XGBoost
STABL Lasso,1.0,0.010248773884273215,1.3116676175033702e-23
STABL ALasso,0.010248773884273215,1.0,2.16952476017485e-31
STABL XGBoost,1.3116676175033702e-23,2.16952476017485e-31,1.0
