,STABL Lasso,STABL ALasso,STABL XGBoost
STABL Lasso,1.0,0.23514323913908797,8.305477352745063e-07
STABL ALasso,0.23514323913908797,1.0,2.9181895507336937e-08
STABL XGBoost,8.305477352745063e-07,2.9181895507336937e-08,1.0
