,STABL Lasso,STABL ALasso,STABL XGBoost
STABL Lasso,1.0,0.005504978420423187,4.4207130852579044e-10
STABL ALasso,0.005504978420423187,1.0,1.850083979956162e-05
STABL XGBoost,4.4207130852579044e-10,1.850083979956162e-05,1.0
