,STABL Lasso,STABL ALasso,STABL XGBoost
STABL Lasso,1.0,0.468686368288188,3.7630053957479743e-10
STABL ALasso,0.468686368288188,1.0,1.0255986566490547e-10
STABL XGBoost,3.7630053957479743e-10,1.0255986566490547e-10,1.0
