,STABL Lasso,STABL ALasso,STABL XGBoost
STABL Lasso,1.0,3.681172076356541e-07,7.073892246118617e-50
STABL ALasso,3.681172076356541e-07,1.0,1.9118123902723596e-68
STABL XGBoost,7.073892246118617e-50,1.9118123902723596e-68,1.0
