,STABL Lasso,STABL ALasso,STABL XGBoost
STABL Lasso,1.0,0.7002970714709376,4.455043189795286e-09
STABL ALasso,0.7002970714709376,1.0,5.0890426323417235e-09
STABL XGBoost,4.455043189795286e-09,5.0890426323417235e-09,1.0
