,STABL Lasso,STABL ALasso,STABL ElasticNet,STABL XGBoost
STABL Lasso,1.0,2.5617307846201253e-11,0.0,0.0
STABL ALasso,2.5617307846201253e-11,1.0,6.30850874287222e-301,0.0
STABL ElasticNet,0.0,6.30850874287222e-301,1.0,1.6111048768103145e-08
STABL XGBoost,0.0,0.0,1.6111048768103145e-08,1.0
