,STABL Lasso,STABL ALasso,STABL ElasticNet,STABL XGBoost
STABL Lasso,1.0,0.37296616847706865,1.9912471794344495e-21,2.7617120984476214e-34
STABL ALasso,0.37296616847706865,1.0,6.161393204099532e-21,4.792973345481591e-34
STABL ElasticNet,1.9912471794344495e-21,6.161393204099532e-21,1.0,6.617848212435593e-34
STABL XGBoost,2.7617120984476214e-34,4.792973345481591e-34,6.617848212435593e-34,1.0
