,STABL Lasso,STABL ALasso
STABL Lasso,1.0,0.00013651049254176983
STABL ALasso,0.00013651049254176983,1.0
