,STABL Lasso,STABL ALasso
STABL Lasso,1.0,0.14184870473114491
STABL ALasso,0.14184870473114491,1.0
