,STABL Lasso,STABL ALasso,STABL XGBoost
STABL Lasso,1.0,0.31155043677333316,7.890679785794372e-15
STABL ALasso,0.31155043677333316,1.0,3.710764296667023e-15
STABL XGBoost,7.890679785794372e-15,3.710764296667023e-15,1.0
