,STABL Lasso,STABL ALasso,STABL XGBoost
STABL Lasso,1.0,0.9171295902252328,1.125010278177575e-11
STABL ALasso,0.9171295902252328,1.0,9.984285700645462e-12
STABL XGBoost,1.125010278177575e-11,9.984285700645462e-12,1.0
