,STABL Lasso,STABL ALasso,STABL XGBoost
STABL Lasso,1.0,3.681172076356541e-07,1.7214947743628266e-49
STABL ALasso,3.681172076356541e-07,1.0,4.060781378516229e-68
STABL XGBoost,1.7214947743628266e-49,4.060781378516229e-68,1.0
