,STABL Lasso,STABL ALasso,STABL XGBoost
STABL Lasso,1.0,0.7002970714709376,5.583077771072578e-09
STABL ALasso,0.7002970714709376,1.0,5.094015953997486e-09
STABL XGBoost,5.583077771072578e-09,5.094015953997486e-09,1.0
