,STABL Lasso,STABL ALasso,STABL ElasticNet,STABL XGBoost
STABL Lasso,1.0,0.15612399406197686,5.1991111975655555e-138,2.843518297454142e-148
STABL ALasso,0.15612399406197686,1.0,1.704187355893613e-128,2.956358539186538e-172
STABL ElasticNet,5.1991111975655555e-138,1.704187355893613e-128,1.0,0.0
STABL XGBoost,2.843518297454142e-148,2.956358539186538e-172,0.0,1.0
