,STABL Lasso,STABL ALasso,STABL ElasticNet,STABL XGBoost
STABL Lasso,1.0,0.6943773218792371,4.029559151485589e-24,1.4310777560500094e-17
STABL ALasso,0.6943773218792371,1.0,2.5841243391355907e-23,2.93749464762008e-16
STABL ElasticNet,4.029559151485589e-24,2.5841243391355907e-23,1.0,3.703197173120082e-12
STABL XGBoost,1.4310777560500094e-17,2.93749464762008e-16,3.703197173120082e-12,1.0
