,STABL Lasso,STABL ALasso,STABL ElasticNet,STABL XGBoost
STABL Lasso,1.0,0.9267554687837782,0.5558877074851827,0.8119823533789499
STABL ALasso,0.9267554687837782,1.0,0.6498824217381688,0.8851975364224962
STABL ElasticNet,0.5558877074851827,0.6498824217381688,1.0,0.7333265502666065
STABL XGBoost,0.8119823533789499,0.8851975364224962,0.7333265502666065,1.0
