,STABL Lasso,STABL ALasso,STABL XGBoost
STABL Lasso,1.0,0.38144464044944515,2.513483624384378e-56
STABL ALasso,0.38144464044944515,1.0,5.3834400296915825e-52
STABL XGBoost,2.513483624384378e-56,5.3834400296915825e-52,1.0
