,STABL Lasso,STABL ALasso,STABL XGBoost
STABL Lasso,1.0,0.3442174329355351,2.1787783309494407e-06
STABL ALasso,0.3442174329355351,1.0,1.3259334193731935e-07
STABL XGBoost,2.1787783309494407e-06,1.3259334193731935e-07,1.0
