,STABL Lasso,STABL ALasso,STABL XGBoost
STABL Lasso,1.0,3.681172076356541e-07,7.563146505545465e-36
STABL ALasso,3.681172076356541e-07,1.0,1.2856110137966387e-56
STABL XGBoost,7.563146505545465e-36,1.2856110137966387e-56,1.0
