,STABL Lasso,STABL ALasso,STABL XGBoost
STABL Lasso,1.0,0.7002970714709376,1.5304973557097505e-08
STABL ALasso,0.7002970714709376,1.0,1.4039883644142715e-08
STABL XGBoost,1.5304973557097505e-08,1.4039883644142715e-08,1.0
