,STABL Lasso,STABL ALasso
STABL Lasso,1.0,5.87185348158751e-11
STABL ALasso,5.87185348158751e-11,1.0
