,STABL Lasso,STABL ALasso
STABL Lasso,1.0,0.8872099620919356
STABL ALasso,0.8872099620919356,1.0
