,Lasso,RandomForest,XGBoost,STABL Lasso,STABL RandomForest,STABL XGBoost
Lasso,1.0,3.357998495257248e-06,3.357998495257248e-06,0.0012075524857069271,0.7086757062038619,0.1837748432993842
RandomForest,3.357998495257248e-06,1.0,5.715281563345584e-05,3.3664279926465512e-06,3.341191787039419e-06,3.3664279926465512e-06
XGBoost,3.357998495257248e-06,5.715281563345584e-05,1.0,3.3664279926465512e-06,3.341191787039419e-06,3.3664279926465512e-06
STABL Lasso,0.0012075524857069271,3.3664279926465512e-06,3.3664279926465512e-06,1.0,0.0034245863853245625,0.007432354022082061
STABL RandomForest,0.7086757062038619,3.341191787039419e-06,3.341191787039419e-06,0.0034245863853245625,1.0,0.0027647373198751196
STABL XGBoost,0.1837748432993842,3.3664279926465512e-06,3.3664279926465512e-06,0.007432354022082061,0.0027647373198751196,1.0
