,STABL Lasso,STABL ALasso,STABL ElasticNet,STABL XGBoost
STABL Lasso,1.0,0.008448650792934572,4.6705394630489773e-29,0.0
STABL ALasso,0.008448650792934572,1.0,1.901113113108346e-42,0.0
STABL ElasticNet,4.6705394630489773e-29,1.901113113108346e-42,1.0,1.7736260676671112e-215
STABL XGBoost,0.0,0.0,1.7736260676671112e-215,1.0
