,STABL Lasso,STABL ALasso,STABL ElasticNet,STABL XGBoost
STABL Lasso,1.0,0.7037002742571837,7.775129913193666e-25,6.405615413758397e-26
STABL ALasso,0.7037002742571837,1.0,1.3136695875183963e-24,4.731055480923897e-26
STABL ElasticNet,7.775129913193666e-25,1.3136695875183963e-24,1.0,1.7910540020624422e-34
STABL XGBoost,6.405615413758397e-26,4.731055480923897e-26,1.7910540020624422e-34,1.0
