,STABL Lasso,STABL ALasso,STABL ElasticNet,STABL XGBoost
STABL Lasso,1.0,0.9527651682499211,0.8935787383330734,0.7905798112049806
STABL ALasso,0.9527651682499211,1.0,0.9389901224099464,0.7187969896378725
STABL ElasticNet,0.8935787383330734,0.9389901224099464,1.0,0.6200066288264008
STABL XGBoost,0.7905798112049806,0.7187969896378725,0.6200066288264008,1.0
