,STABL ALasso,STABL XGBoost
STABL ALasso,1.0,0.3359848687131537
STABL XGBoost,0.3359848687131537,1.0
