,STABL ALasso,STABL XGBoost
STABL ALasso,1.0,1.3518069168913647e-09
STABL XGBoost,1.3518069168913647e-09,1.0
