,STABL Lasso,STABL ALasso,STABL XGBoost
STABL Lasso,1.0,8.445688155172727e-18,2.3451375456008474e-06
STABL ALasso,8.445688155172727e-18,1.0,1.3531171169841923e-05
STABL XGBoost,2.3451375456008474e-06,1.3531171169841923e-05,1.0
