,STABL Lasso,STABL ALasso,STABL XGBoost
STABL Lasso,1.0,0.19680671753304124,0.2722948030810577
STABL ALasso,0.19680671753304124,1.0,0.0258811778846445
STABL XGBoost,0.2722948030810577,0.0258811778846445,1.0
