,STABL Lasso,STABL ALasso,STABL XGBoost
STABL Lasso,1.0,8.032737243338708e-98,3.0241603159623895e-125
STABL ALasso,8.032737243338708e-98,1.0,0.0
STABL XGBoost,3.0241603159623895e-125,0.0,1.0
