,STABL Lasso,STABL ALasso,STABL XGBoost
STABL Lasso,1.0,0.004368827548992406,2.176157953599285e-16
STABL ALasso,0.004368827548992406,1.0,4.7294178905484855e-21
STABL XGBoost,2.176157953599285e-16,4.7294178905484855e-21,1.0
