,STABL Lasso,STABL ALasso,STABL ElasticNet,STABL XGBoost
STABL Lasso,1.0,0.15612399406197686,5.1991111975655555e-138,1.4469816372359028e-126
STABL ALasso,0.15612399406197686,1.0,1.704187355893613e-128,1.9784077208974176e-149
STABL ElasticNet,5.1991111975655555e-138,1.704187355893613e-128,1.0,0.0
STABL XGBoost,1.4469816372359028e-126,1.9784077208974176e-149,0.0,1.0
