,STABL Lasso,STABL ALasso,STABL ElasticNet,STABL XGBoost
STABL Lasso,1.0,0.6943773218792371,4.029559151485589e-24,2.3187080396821074e-23
STABL ALasso,0.6943773218792371,1.0,2.5841243391355907e-23,2.8090413199658095e-22
STABL ElasticNet,4.029559151485589e-24,2.5841243391355907e-23,1.0,0.01685267212021985
STABL XGBoost,2.3187080396821074e-23,2.8090413199658095e-22,0.01685267212021985,1.0
