,STABL Lasso,STABL ALasso,STABL ElasticNet,STABL XGBoost
STABL Lasso,1.0,0.9267554687837782,0.5558877074851827,0.7656147395056867
STABL ALasso,0.9267554687837782,1.0,0.6498824217381688,0.8606509636428976
STABL ElasticNet,0.5558877074851827,0.6498824217381688,1.0,0.7513854852727221
STABL XGBoost,0.7656147395056867,0.8606509636428976,0.7513854852727221,1.0
