,STABL Lasso,STABL ALasso,STABL XGBoost
STABL Lasso,1.0,0.1693555509329464,0.8948661818359782
STABL ALasso,0.1693555509329464,1.0,0.1393635988111911
STABL XGBoost,0.8948661818359782,0.1393635988111911,1.0
