,STABL Lasso,STABL ALasso,STABL XGBoost
STABL Lasso,1.0,0.9334479653120289,0.43976115412780603
STABL ALasso,0.9334479653120289,1.0,0.36720815198187995
STABL XGBoost,0.43976115412780603,0.36720815198187995,1.0
