,STABL Lasso,STABL ALasso
STABL Lasso,1.0,0.3510840035788828
STABL ALasso,0.3510840035788828,1.0
