,STABL Lasso,STABL ALasso
STABL Lasso,1.0,0.7633575846502216
STABL ALasso,0.7633575846502216,1.0
