,STABL Lasso,STABL ALasso,STABL XGBoost
STABL Lasso,1.0,3.976799528934853e-06,4.2622720181219497e-66
STABL ALasso,3.976799528934853e-06,1.0,3.651267607157189e-94
STABL XGBoost,4.2622720181219497e-66,3.651267607157189e-94,1.0
