,STABL Lasso,STABL ALasso,STABL XGBoost
STABL Lasso,1.0,0.49993587414690344,5.670566330723089e-11
STABL ALasso,0.49993587414690344,1.0,3.323224609856672e-13
STABL XGBoost,5.670566330723089e-11,3.323224609856672e-13,1.0
