,STABL Lasso,STABL ALasso,STABL ElasticNet,STABL XGBoost
STABL Lasso,1.0,0.869224297643091,0.0,4.418475621248549e-111
STABL ALasso,0.869224297643091,1.0,0.0,7.843870314649995e-113
STABL ElasticNet,0.0,0.0,1.0,2.9843172485497813e-97
STABL XGBoost,4.418475621248549e-111,7.843870314649995e-113,2.9843172485497813e-97,1.0
