,STABL Lasso,STABL ALasso,STABL ElasticNet,STABL XGBoost
STABL Lasso,1.0,0.9629275986963418,1.3596882519999655e-25,0.008834608174666069
STABL ALasso,0.9629275986963418,1.0,2.839441309344992e-25,0.01014630485823098
STABL ElasticNet,1.3596882519999655e-25,2.839441309344992e-25,1.0,1.526693519315659e-18
STABL XGBoost,0.008834608174666069,0.01014630485823098,1.526693519315659e-18,1.0
