,STABL Lasso,STABL ALasso,STABL ElasticNet,STABL XGBoost
STABL Lasso,1.0,0.9734529613098197,0.9432268497075291,0.9761068300666069
STABL ALasso,0.9734529613098197,1.0,0.9707993923280501,0.9495849160091558
STABL ElasticNet,0.9432268497075291,0.9707993923280501,1.0,0.9284061174072651
STABL XGBoost,0.9761068300666069,0.9495849160091558,0.9284061174072651,1.0
