,STABL Lasso,STABL ALasso,STABL XGBoost
STABL Lasso,1.0,0.2955563373187484,2.0353954187897253e-25
STABL ALasso,0.2955563373187484,1.0,2.514208011251481e-28
STABL XGBoost,2.0353954187897253e-25,2.514208011251481e-28,1.0
