,STABL Lasso,STABL ALasso,STABL XGBoost
STABL Lasso,1.0,0.20564098062254843,0.06007608734956344
STABL ALasso,0.20564098062254843,1.0,0.002693108434033055
STABL XGBoost,0.06007608734956344,0.002693108434033055,1.0
