,STABL Lasso,STABL ALasso,STABL XGBoost
STABL Lasso,1.0,0.3626642637329519,0.5233398356376733
STABL ALasso,0.3626642637329519,1.0,0.131151688071819
STABL XGBoost,0.5233398356376733,0.131151688071819,1.0
