,STABL Lasso,STABL ALasso,STABL XGBoost
STABL Lasso,1.0,0.1725044493601,8.265265055965733e-244
STABL ALasso,0.1725044493601,1.0,2.238482092073312e-257
STABL XGBoost,8.265265055965733e-244,2.238482092073312e-257,1.0
