,STABL Lasso,STABL ALasso,STABL XGBoost
STABL Lasso,1.0,0.6088282306100274,9.164234364562972e-12
STABL ALasso,0.6088282306100274,1.0,2.1088216647988705e-11
STABL XGBoost,9.164234364562972e-12,2.1088216647988705e-11,1.0
