,STABL ALasso,STABL XGBoost
STABL ALasso,1.0,3.011945244006388e-09
STABL XGBoost,3.011945244006388e-09,1.0
