,STABL Lasso,STABL ALasso,STABL XGBoost
STABL Lasso,1.0,0.16519500166829804,1.1200434096791567e-33
STABL ALasso,0.16519500166829804,1.0,5.0323540608157246e-39
STABL XGBoost,1.1200434096791567e-33,5.0323540608157246e-39,1.0
