,STABL Lasso,STABL ALasso,STABL XGBoost
STABL Lasso,1.0,0.8879823562042486,0.8066180350295682
STABL ALasso,0.8879823562042486,1.0,0.9704342361232031
STABL XGBoost,0.8066180350295682,0.9704342361232031,1.0
