,STABL Lasso,STABL ALasso,STABL XGBoost
STABL Lasso,1.0,0.050958818551072475,3.6251546902530185e-18
STABL ALasso,0.050958818551072475,1.0,9.519231268250435e-24
STABL XGBoost,3.6251546902530185e-18,9.519231268250435e-24,1.0
