,STABL ALasso,STABL XGBoost
STABL ALasso,1.0,6.444364241841321e-09
STABL XGBoost,6.444364241841321e-09,1.0
