,STABL Lasso,STABL ALasso,STABL XGBoost
STABL Lasso,1.0,0.050958818551072475,1.6724425186244948e-27
STABL ALasso,0.050958818551072475,1.0,3.836262271300467e-31
STABL XGBoost,1.6724425186244948e-27,3.836262271300467e-31,1.0
