,STABL Lasso,STABL ALasso,STABL XGBoost
STABL Lasso,1.0,0.008866105284124915,1.5043417131866436e-61
STABL ALasso,0.008866105284124915,1.0,6.945472391166251e-35
STABL XGBoost,1.5043417131866436e-61,6.945472391166251e-35,1.0
