,STABL Lasso,STABL ALasso,STABL XGBoost
STABL Lasso,1.0,0.024977552781067742,0.38174704749153465
STABL ALasso,0.024977552781067742,1.0,0.31141893004516297
STABL XGBoost,0.38174704749153465,0.31141893004516297,1.0
