,STABL ALasso,STABL XGBoost
STABL ALasso,1.0,7.210118802104546e-60
STABL XGBoost,7.210118802104546e-60,1.0
