,STABL ALasso,STABL XGBoost
STABL ALasso,1.0,0.005771081897117501
STABL XGBoost,0.005771081897117501,1.0
