,STABL Lasso,STABL ALasso,STABL XGBoost
STABL Lasso,1.0,1.9433544116136135e-31,2.4537720649327272e-48
STABL ALasso,1.9433544116136135e-31,1.0,0.000549622094329704
STABL XGBoost,2.4537720649327272e-48,0.000549622094329704,1.0
