,STABL Lasso,STABL ALasso,STABL XGBoost
STABL Lasso,1.0,0.2526528129621034,2.800313168201173e-26
STABL ALasso,0.2526528129621034,1.0,3.666803879813873e-26
STABL XGBoost,2.800313168201173e-26,3.666803879813873e-26,1.0
