,STABL Lasso,STABL ALasso,STABL XGBoost
STABL Lasso,1.0,8.445688155172727e-18,1.1070115741478917e-06
STABL ALasso,8.445688155172727e-18,1.0,6.465895627607494e-44
STABL XGBoost,1.1070115741478917e-06,6.465895627607494e-44,1.0
