,STABL Lasso,STABL ALasso,STABL XGBoost
STABL Lasso,1.0,0.19680671753304124,0.002758082752336073
STABL ALasso,0.19680671753304124,1.0,5.39792516847258e-05
STABL XGBoost,0.002758082752336073,5.39792516847258e-05,1.0
