,STABL Lasso,STABL ALasso,STABL XGBoost
STABL Lasso,1.0,0.47283006451103393,2.935818672829361e-27
STABL ALasso,0.47283006451103393,1.0,2.934924270837223e-25
STABL XGBoost,2.935818672829361e-27,2.934924270837223e-25,1.0
