,Lasso,RandomForest,XGBoost,STABL Lasso,STABL RandomForest,STABL XGBoost
Lasso,1.0,0.11508222063203441,0.05650627998933963,0.3196854433356847,0.4414779736120297,0.10075687908032856
RandomForest,0.11508222063203441,1.0,0.4244154960288743,0.31516027676826197,0.5310821718911802,0.1257472000315692
XGBoost,0.05650627998933963,0.4244154960288743,1.0,0.43778901152380467,0.7450880819689532,0.29844679806556995
STABL Lasso,0.3196854433356847,0.31516027676826197,0.43778901152380467,1.0,0.572026304180971,0.9519593829080056
STABL RandomForest,0.4414779736120297,0.5310821718911802,0.7450880819689532,0.572026304180971,1.0,0.6071317783042849
STABL XGBoost,0.10075687908032856,0.1257472000315692,0.29844679806556995,0.9519593829080056,0.6071317783042849,1.0
