,STABL Lasso,STABL ALasso,STABL ElasticNet
STABL Lasso,1.0,0.03491350286788234,1.6097189260330052e-22
STABL ALasso,0.03491350286788234,1.0,1.1208904780415586e-25
STABL ElasticNet,1.6097189260330052e-22,1.1208904780415586e-25,1.0
