,STABL Lasso,STABL ALasso,STABL XGBoost
STABL Lasso,1.0,5.57914926881753e-90,6.253930780449055e-12
STABL ALasso,5.57914926881753e-90,1.0,1.0866255564808959e-86
STABL XGBoost,6.253930780449055e-12,1.0866255564808959e-86,1.0
