,STABL Lasso,STABL ALasso,STABL XGBoost
STABL Lasso,1.0,0.001582501816451113,3.466268024156963e-05
STABL ALasso,0.001582501816451113,1.0,0.395667680815071
STABL XGBoost,3.466268024156963e-05,0.395667680815071,1.0
