,STABL Lasso,STABL ALasso,STABL XGBoost
STABL Lasso,1.0,0.029921490432767605,1.1054841345022746e-20
STABL ALasso,0.029921490432767605,1.0,7.706930543456184e-24
STABL XGBoost,1.1054841345022746e-20,7.706930543456184e-24,1.0
