,STABL Lasso,STABL ALasso,STABL XGBoost
STABL Lasso,1.0,0.36854594308358735,1.5734811605360456e-33
STABL ALasso,0.36854594308358735,1.0,7.468726973896281e-34
STABL XGBoost,1.5734811605360456e-33,7.468726973896281e-34,1.0
