,STABL ALasso,STABL XGBoost
STABL ALasso,1.0,2.870698086589551e-47
STABL XGBoost,2.870698086589551e-47,1.0
