,STABL ALasso,STABL XGBoost
STABL ALasso,1.0,6.468244390239757e-17
STABL XGBoost,6.468244390239757e-17,1.0
