,STABL ALasso,STABL XGBoost
STABL ALasso,1.0,1.7651633608076327e-09
STABL XGBoost,1.7651633608076327e-09,1.0
