,STABL Lasso,STABL ALasso,STABL XGBoost
STABL Lasso,1.0,0.6818979179561403,6.771064332236593e-10
STABL ALasso,0.6818979179561403,1.0,6.716807265298935e-09
STABL XGBoost,6.771064332236593e-10,6.716807265298935e-09,1.0
