,STABL Lasso,STABL ALasso,STABL XGBoost
STABL Lasso,1.0,0.8999756829828248,3.088914964344109e-11
STABL ALasso,0.8999756829828248,1.0,2.932069750452313e-11
STABL XGBoost,3.088914964344109e-11,2.932069750452313e-11,1.0
