,STABL Lasso,STABL ALasso,STABL XGBoost
STABL Lasso,1.0,0.6818979179561403,1.4874628471133764e-08
STABL ALasso,0.6818979179561403,1.0,1.1916567633491391e-07
STABL XGBoost,1.4874628471133764e-08,1.1916567633491391e-07,1.0
