,STABL Lasso,STABL ALasso,STABL XGBoost
STABL Lasso,1.0,0.8999756829828248,7.618295975128497e-11
STABL ALasso,0.8999756829828248,1.0,4.8634286255194476e-11
STABL XGBoost,7.618295975128497e-11,4.8634286255194476e-11,1.0
