,STABL Lasso,STABL ALasso,STABL XGBoost
STABL Lasso,1.0,0.18189604505389112,4.796238607903908e-42
STABL ALasso,0.18189604505389112,1.0,4.963091360180377e-49
STABL XGBoost,4.796238607903908e-42,4.963091360180377e-49,1.0
