,STABL Lasso,STABL ALasso,STABL XGBoost
STABL Lasso,1.0,0.7627507223721692,0.0001518436931989406
STABL ALasso,0.7627507223721692,1.0,7.711014975248728e-05
STABL XGBoost,0.0001518436931989406,7.711014975248728e-05,1.0
