,STABL ALasso,STABL XGBoost
STABL ALasso,1.0,4.5979841827945826e-63
STABL XGBoost,4.5979841827945826e-63,1.0
