,STABL Lasso,STABL ALasso,STABL ElasticNet,STABL XGBoost
STABL Lasso,1.0,0.15058675647508102,3.026249062463304e-53,2.24703345472648e-120
STABL ALasso,0.15058675647508102,1.0,2.5976472639919854e-43,3.7587974852451763e-103
STABL ElasticNet,3.026249062463304e-53,2.5976472639919854e-43,1.0,2.470320409328688e-05
STABL XGBoost,2.24703345472648e-120,3.7587974852451763e-103,2.470320409328688e-05,1.0
