,STABL Lasso,STABL ALasso,STABL ElasticNet,STABL XGBoost
STABL Lasso,1.0,0.5041045469651797,5.028939414576284e-25,0.0043523331789206855
STABL ALasso,0.5041045469651797,1.0,1.5590145935787152e-24,0.02563513967437434
STABL ElasticNet,5.028939414576284e-25,1.5590145935787152e-24,1.0,1.2368341615540296e-20
STABL XGBoost,0.0043523331789206855,0.02563513967437434,1.2368341615540296e-20,1.0
