,STABL Lasso,STABL ALasso,STABL ElasticNet,STABL XGBoost
STABL Lasso,1.0,0.9872556114441688,0.8287488771570604,0.9517050050676437
STABL ALasso,0.9872556114441688,1.0,0.7864816060777581,0.9750452503568333
STABL ElasticNet,0.8287488771570604,0.7864816060777581,1.0,0.8537313169768538
STABL XGBoost,0.9517050050676437,0.9750452503568333,0.8537313169768538,1.0
