,STABL ALasso,STABL XGBoost
STABL ALasso,1.0,1.5297713996228877e-43
STABL XGBoost,1.5297713996228877e-43,1.0
