,STABL Lasso,STABL ALasso,STABL XGBoost
STABL Lasso,1.0,0.6443585519007264,1.5058038151308974e-36
STABL ALasso,0.6443585519007264,1.0,1.250703214304387e-34
STABL XGBoost,1.5058038151308974e-36,1.250703214304387e-34,1.0
