,STABL Lasso,STABL ALasso,STABL XGBoost
STABL Lasso,1.0,0.8470912317996606,0.000497699999435846
STABL ALasso,0.8470912317996606,1.0,0.0005088835896470567
STABL XGBoost,0.000497699999435846,0.0005088835896470567,1.0
