,STABL Lasso,STABL ALasso,STABL XGBoost
STABL Lasso,1.0,0.31155043677333316,0.012564155439688219
STABL ALasso,0.31155043677333316,1.0,0.018787567065524806
STABL XGBoost,0.012564155439688219,0.018787567065524806,1.0
