,STABL Lasso,STABL ALasso,STABL XGBoost
STABL Lasso,1.0,0.9171295902252328,3.764045136584342e-13
STABL ALasso,0.9171295902252328,1.0,6.840611091166802e-13
STABL XGBoost,3.764045136584342e-13,6.840611091166802e-13,1.0
