,STABL Lasso,STABL ALasso,STABL XGBoost
STABL Lasso,1.0,0.05231219249113614,1.5354479412384596e-13
STABL ALasso,0.05231219249113614,1.0,2.0821226992421046e-10
STABL XGBoost,1.5354479412384596e-13,2.0821226992421046e-10,1.0
