,STABL Lasso,STABL ALasso,STABL XGBoost
STABL Lasso,1.0,0.27513914478759083,2.1227295969214073e-36
STABL ALasso,0.27513914478759083,1.0,3.79740770848003e-40
STABL XGBoost,2.1227295969214073e-36,3.79740770848003e-40,1.0
