,STABL Lasso,STABL ALasso,STABL XGBoost
STABL Lasso,1.0,0.7728189132680705,1.3592430641538955e-06
STABL ALasso,0.7728189132680705,1.0,1.9280873067631787e-07
STABL XGBoost,1.3592430641538955e-06,1.9280873067631787e-07,1.0
