,STABL ALasso,STABL XGBoost
STABL ALasso,1.0,1.091929147497796e-29
STABL XGBoost,1.091929147497796e-29,1.0
