,STABL ALasso,STABL XGBoost
STABL ALasso,1.0,2.8823269799211743e-07
STABL XGBoost,2.8823269799211743e-07,1.0
