,STABL Lasso,STABL ALasso,STABL ElasticNet,STABL XGBoost
STABL Lasso,1.0,5.106105404852456e-22,7.172423609047955e-26,1.2806883474347297e-281
STABL ALasso,5.106105404852456e-22,1.0,0.1151840284315069,0.0
STABL ElasticNet,7.172423609047955e-26,0.1151840284315069,1.0,5.3557193642047175e-298
STABL XGBoost,1.2806883474347297e-281,0.0,5.3557193642047175e-298,1.0
