,STABL Lasso,STABL ALasso,STABL ElasticNet,STABL XGBoost
STABL Lasso,1.0,0.0012081955642245696,1.7227521687866153e-06,1.5102054739897742e-20
STABL ALasso,0.0012081955642245696,1.0,1.181152104255408e-11,3.882325817683314e-08
STABL ElasticNet,1.7227521687866153e-06,1.181152104255408e-11,1.0,7.150753135024013e-26
STABL XGBoost,1.5102054739897742e-20,3.882325817683314e-08,7.150753135024013e-26,1.0
