,STABL Lasso,STABL ALasso,STABL XGBoost
STABL Lasso,1.0,0.7312078964672721,1.3350159865440485e-27
STABL ALasso,0.7312078964672721,1.0,9.844281598558327e-29
STABL XGBoost,1.3350159865440485e-27,9.844281598558327e-29,1.0
