,STABL Lasso,STABL ALasso,STABL XGBoost
STABL Lasso,1.0,0.1725044493601,1.985538798280082e-175
STABL ALasso,0.1725044493601,1.0,2.5966879648379603e-186
STABL XGBoost,1.985538798280082e-175,2.5966879648379603e-186,1.0
