,STABL Lasso,STABL ALasso,STABL XGBoost
STABL Lasso,1.0,0.6088282306100274,2.1702057284871128e-10
STABL ALasso,0.6088282306100274,1.0,4.43211305640037e-10
STABL XGBoost,2.1702057284871128e-10,4.43211305640037e-10,1.0
