,Lasso,RandomForest,XGBoost,STABL Lasso,STABL RandomForest,STABL XGBoost
Lasso,1.0,3.349586435956616e-06,0.4060548439314592,0.04328762541850602,0.9834113424422162,1.0702900453407718e-05
RandomForest,3.349586435956616e-06,1.0,3.341191787039419e-06,3.291187963669213e-06,3.2499918389515387e-06,2.8609590181734567e-06
XGBoost,0.4060548439314592,3.341191787039419e-06,1.0,7.791159783983046e-06,2.2050026577080232e-05,2.8169855176736366e-06
STABL Lasso,0.04328762541850602,3.291187963669213e-06,7.791159783983046e-06,1.0,0.00031687863130962164,1.5117099430016711e-05
STABL RandomForest,0.9834113424422162,3.2499918389515387e-06,2.2050026577080232e-05,0.00031687863130962164,1.0,2.737821349395807e-06
STABL XGBoost,1.0702900453407718e-05,2.8609590181734567e-06,2.8169855176736366e-06,1.5117099430016711e-05,2.737821349395807e-06,1.0
