,Lasso,RandomForest,XGBoost,STABL Lasso,STABL RandomForest,STABL XGBoost
Lasso,1.0,5.874203132348658e-36,5.87450326035469e-36,0.2766138703722134,3.0222139519882742e-31,2.8200033463227144e-31
RandomForest,5.874203132348658e-36,1.0,3.240338501270919e-35,5.860413388787923e-36,5.870602761845161e-36,5.856821256801181e-36
XGBoost,5.87450326035469e-36,3.240338501270919e-35,1.0,5.860712830034581e-36,5.870902710548858e-36,5.8571205191450234e-36
STABL Lasso,0.2766138703722134,5.860413388787923e-36,5.860712830034581e-36,1.0,1.2637909847905048e-20,1.6126765742705055e-20
STABL RandomForest,3.0222139519882742e-31,5.870602761845161e-36,5.870902710548858e-36,1.2637909847905048e-20,1.0,0.9855024435888875
STABL XGBoost,2.8200033463227144e-31,5.856821256801181e-36,5.8571205191450234e-36,1.6126765742705055e-20,0.9855024435888875,1.0
