,STABL Lasso,STABL ALasso,STABL XGBoost
STABL Lasso,1.0,0.15426029475119826,6.731669314839469e-26
STABL ALasso,0.15426029475119826,1.0,6.341164975763104e-28
STABL XGBoost,6.731669314839469e-26,6.341164975763104e-28,1.0
