,STABL ALasso,STABL XGBoost
STABL ALasso,1.0,1.4306785759289612e-90
STABL XGBoost,1.4306785759289612e-90,1.0
