,STABL Lasso,STABL ALasso,STABL ElasticNet,STABL XGBoost
STABL Lasso,1.0,9.127871052031035e-21,1.76737260038805e-36,1.2661505780429073e-33
STABL ALasso,9.127871052031035e-21,1.0,3.1882726576976706e-09,4.107578390987299e-05
STABL ElasticNet,1.76737260038805e-36,3.1882726576976706e-09,1.0,0.21559088164827767
STABL XGBoost,1.2661505780429073e-33,4.107578390987299e-05,0.21559088164827767,1.0
