,STABL Lasso,STABL ALasso,STABL ElasticNet,STABL XGBoost
STABL Lasso,1.0,0.7633668291643807,2.2406083940646198e-26,0.03365800542413174
STABL ALasso,0.7633668291643807,1.0,7.011358358212523e-27,0.063091030510922
STABL ElasticNet,2.2406083940646198e-26,7.011358358212523e-27,1.0,3.100225495631289e-20
STABL XGBoost,0.03365800542413174,0.063091030510922,3.100225495631289e-20,1.0
