,STABL Lasso,STABL ALasso,STABL ElasticNet,STABL XGBoost
STABL Lasso,1.0,0.9580672542502799,0.8820117065049083,0.9750452503568333
STABL ALasso,0.9580672542502799,1.0,0.9231187428364995,0.9336966547970799
STABL ElasticNet,0.8820117065049083,0.9231187428364995,1.0,0.8204584313792321
STABL XGBoost,0.9750452503568333,0.9336966547970799,0.8204584313792321,1.0
