,STABL Lasso,STABL ALasso,STABL XGBoost
STABL Lasso,1.0,0.47283006451103393,1.704396731238923e-24
STABL ALasso,0.47283006451103393,1.0,2.0750956043941448e-22
STABL XGBoost,1.704396731238923e-24,2.0750956043941448e-22,1.0
