,STABL Lasso,STABL ALasso,STABL XGBoost
STABL Lasso,1.0,0.18189604505389112,1.5361896026117044e-58
STABL ALasso,0.18189604505389112,1.0,1.0590390221996776e-66
STABL XGBoost,1.5361896026117044e-58,1.0590390221996776e-66,1.0
