,STABL Lasso,STABL ALasso,STABL XGBoost
STABL Lasso,1.0,0.7627507223721692,9.310712730675828e-06
STABL ALasso,0.7627507223721692,1.0,3.9717436914472645e-06
STABL XGBoost,9.310712730675828e-06,3.9717436914472645e-06,1.0
