,STABL Lasso,STABL ALasso,STABL XGBoost
STABL Lasso,1.0,0.0010678069289249395,1.2986639272121712e-34
STABL ALasso,0.0010678069289249395,1.0,1.020534224160041e-31
STABL XGBoost,1.2986639272121712e-34,1.020534224160041e-31,1.0
