,STABL Lasso,STABL ALasso,STABL XGBoost
STABL Lasso,1.0,0.9292572673432354,5.309009588678737e-11
STABL ALasso,0.9292572673432354,1.0,6.982106814606039e-11
STABL XGBoost,5.309009588678737e-11,6.982106814606039e-11,1.0
