,STABL Lasso,STABL ALasso,STABL XGBoost
STABL Lasso,1.0,0.4119897412692066,2.6038596664312544e-31
STABL ALasso,0.4119897412692066,1.0,7.782374415723217e-33
STABL XGBoost,2.6038596664312544e-31,7.782374415723217e-33,1.0
