,STABL Lasso,STABL ALasso,STABL XGBoost
STABL Lasso,1.0,0.36854594308358735,4.916774090702417e-35
STABL ALasso,0.36854594308358735,1.0,2.7932856666288773e-35
STABL XGBoost,4.916774090702417e-35,2.7932856666288773e-35,1.0
