,STABL Lasso,STABL ALasso,STABL XGBoost
STABL Lasso,1.0,0.31814665190693303,4.900132087996732e-18
STABL ALasso,0.31814665190693303,1.0,2.6176732989339264e-19
STABL XGBoost,4.900132087996732e-18,2.6176732989339264e-19,1.0
