,STABL Lasso,STABL ALasso,STABL XGBoost
STABL Lasso,1.0,0.6708584188536644,0.0020844654192956275
STABL ALasso,0.6708584188536644,1.0,0.0004974231100339069
STABL XGBoost,0.0020844654192956275,0.0004974231100339069,1.0
