,STABL ALasso,STABL XGBoost
STABL ALasso,1.0,5.312816418908866e-08
STABL XGBoost,5.312816418908866e-08,1.0
