,STABL Lasso,STABL ALasso,STABL XGBoost
STABL Lasso,1.0,6.776304657527015e-17,0.0
STABL ALasso,6.776304657527015e-17,1.0,1.1414066311009186e-293
STABL XGBoost,0.0,1.1414066311009186e-293,1.0
