,STABL Lasso,STABL ALasso,STABL XGBoost
STABL Lasso,1.0,0.05231219249113614,4.769341182968605e-13
STABL ALasso,0.05231219249113614,1.0,1.2413103708422623e-09
STABL XGBoost,4.769341182968605e-13,1.2413103708422623e-09,1.0
