,STABL Lasso,STABL ALasso,STABL XGBoost
STABL Lasso,1.0,0.0005471942732266186,1.306247656780155e-07
STABL ALasso,0.0005471942732266186,1.0,1.7748045409834792e-18
STABL XGBoost,1.306247656780155e-07,1.7748045409834792e-18,1.0
