,STABL Lasso,STABL ALasso,STABL XGBoost
STABL Lasso,1.0,0.01461536269733049,8.701523035918808e-08
STABL ALasso,0.01461536269733049,1.0,4.402034353402216e-13
STABL XGBoost,8.701523035918808e-08,4.402034353402216e-13,1.0
