,STABL ALasso,STABL XGBoost
STABL ALasso,1.0,6.158715801604963e-15
STABL XGBoost,6.158715801604963e-15,1.0
