,STABL ALasso,STABL XGBoost
STABL ALasso,1.0,2.3814676157182888e-09
STABL XGBoost,2.3814676157182888e-09,1.0
