,Threshold,min FDP+
Fold n°1,0.12,0.16666666666666666
Fold n°2,0.1,0.2857142857142857
Fold n°3,0.21999999999999995,0.5
Fold n°4,0.1,0.14285714285714285
Fold n°5,0.13,0.5
Fold n°6,0.13,0.25
Fold n°7,0.12,0.5
Fold n°8,0.1,0.14285714285714285
Fold n°9,0.1,0.14285714285714285
Fold n°10,0.12,0.25
Fold n°11,0.12,0.4
Fold n°12,0.2599999999999999,1.0
Fold n°13,0.1,0.14285714285714285
Fold n°14,0.11,0.42857142857142855
Fold n°15,0.1,0.42857142857142855
