,Threshold,min FDP+
Fold n°1,0.11,0.125
Fold n°2,0.14999999999999997,0.5
Fold n°3,0.1,0.5
Fold n°4,0.13,0.2
Fold n°5,0.13999999999999999,0.5
Fold n°6,0.13,0.3333333333333333
Fold n°7,0.18999999999999995,0.5
Fold n°8,0.14999999999999997,0.25
Fold n°9,0.12,0.2
Fold n°10,0.11,0.16666666666666666
Fold n°11,0.11,0.8333333333333334
Fold n°12,0.11,0.25
Fold n°13,0.14999999999999997,0.2
Fold n°14,0.13,0.5
Fold n°15,0.13999999999999999,0.5
