,STABL Lasso,STABL ALasso,STABL XGBoost
STABL Lasso,1.0,0.9088514140532781,6.4443376266896336e-21
STABL ALasso,0.9088514140532781,1.0,2.4787371829864455e-20
STABL XGBoost,6.4443376266896336e-21,2.4787371829864455e-20,1.0
