,STABL Lasso,STABL ALasso,STABL XGBoost
STABL Lasso,1.0,8.594387898166159e-13,1.2404424043088584e-20
STABL ALasso,8.594387898166159e-13,1.0,4.989687739923342e-51
STABL XGBoost,1.2404424043088584e-20,4.989687739923342e-51,1.0
