,STABL Lasso,STABL ALasso,STABL XGBoost
STABL Lasso,1.0,0.9493386130156922,2.28602100794712e-26
STABL ALasso,0.9493386130156922,1.0,3.2856482670345566e-25
STABL XGBoost,2.28602100794712e-26,3.2856482670345566e-25,1.0
