,STABL Lasso,STABL ALasso,STABL XGBoost
STABL Lasso,1.0,0.016236328272736363,7.045103988723958e-99
STABL ALasso,0.016236328272736363,1.0,2.17332393598274e-93
STABL XGBoost,7.045103988723958e-99,2.17332393598274e-93,1.0
