,STABL Lasso,STABL ALasso,STABL XGBoost
STABL Lasso,1.0,0.8241541663086611,1.446605086537247e-08
STABL ALasso,0.8241541663086611,1.0,1.995280145623836e-08
STABL XGBoost,1.446605086537247e-08,1.995280145623836e-08,1.0
