,Threshold,min FDP+
Fold n°1,0.9899999999999995,1.0
Fold n°2,0.9699999999999995,1.0
Fold n°3,0.9499999999999995,1.0
Fold n°4,0.8899999999999996,1.0
Fold n°5,0.8899999999999996,1.0
Fold n°6,0.8699999999999996,1.0
Fold n°7,1.0,1.05
Fold n°8,0.9499999999999995,1.0
Fold n°9,0.9099999999999996,1.0
Fold n°10,0.8899999999999996,1.0
Fold n°11,0.9899999999999995,1.0
Fold n°12,0.9199999999999996,1.0
Fold n°13,0.8699999999999996,1.0
Fold n°14,0.9499999999999995,1.0
Fold n°15,0.9599999999999995,1.0
