,STABL Lasso,STABL ALasso,STABL XGBoost
STABL Lasso,1.0,5.106105404852456e-22,1.8732783536264762e-157
STABL ALasso,5.106105404852456e-22,1.0,2.4525958532155427e-182
STABL XGBoost,1.8732783536264762e-157,2.4525958532155427e-182,1.0
