,STABL Lasso,STABL ALasso,STABL XGBoost
STABL Lasso,1.0,0.0012081955642245696,1.7614862198241295e-26
STABL ALasso,0.0012081955642245696,1.0,8.20962242909248e-14
STABL XGBoost,1.7614862198241295e-26,8.20962242909248e-14,1.0
