,STABL Lasso,STABL ALasso,STABL XGBoost
STABL Lasso,1.0,0.4119897412692066,8.28176382579762e-30
STABL ALasso,0.4119897412692066,1.0,1.4962136954178904e-31
STABL XGBoost,8.28176382579762e-30,1.4962136954178904e-31,1.0
