,STABL Lasso,STABL ALasso,STABL XGBoost
STABL Lasso,1.0,8.594387898166159e-13,6.748873280900907e-78
STABL ALasso,8.594387898166159e-13,1.0,9.362877806067585e-129
STABL XGBoost,6.748873280900907e-78,9.362877806067585e-129,1.0
