,STABL Lasso,STABL ALasso,STABL XGBoost
STABL Lasso,1.0,0.9493386130156922,9.73194103582888e-26
STABL ALasso,0.9493386130156922,1.0,2.0439391187490563e-24
STABL XGBoost,9.73194103582888e-26,2.0439391187490563e-24,1.0
