,STABL ALasso,STABL XGBoost
STABL ALasso,1.0,0.6557573924980724
STABL XGBoost,0.6557573924980724,1.0
