,STABL ALasso,STABL XGBoost
STABL ALasso,1.0,0.7834118225476907
STABL XGBoost,0.7834118225476907,1.0
