,STABL Lasso,STABL ALasso,STABL XGBoost
STABL Lasso,1.0,0.0010678069289249395,2.157527775719275e-21
STABL ALasso,0.0010678069289249395,1.0,7.223733331807289e-19
STABL XGBoost,2.157527775719275e-21,7.223733331807289e-19,1.0
