,STABL Lasso,STABL ALasso,STABL XGBoost
STABL Lasso,1.0,0.9292572673432354,6.17296479266573e-11
STABL ALasso,0.9292572673432354,1.0,8.558754257476578e-11
STABL XGBoost,6.17296479266573e-11,8.558754257476578e-11,1.0
