,STABL Lasso,STABL ALasso,STABL ElasticNet
STABL Lasso,1.0,0.0002010776733345389,1.7652304877267873e-67
STABL ALasso,0.0002010776733345389,1.0,2.2992216328188413e-36
STABL ElasticNet,1.7652304877267873e-67,2.2992216328188413e-36,1.0
