,STABL Lasso,STABL ALasso,STABL ElasticNet
STABL Lasso,1.0,0.7858323611966554,1.5976733346956694e-19
STABL ALasso,0.7858323611966554,1.0,2.555477478370578e-17
STABL ElasticNet,1.5976733346956694e-19,2.555477478370578e-17,1.0
