,STABL Lasso,STABL ALasso,STABL ElasticNet
STABL Lasso,1.0,0.8569799544288756,0.7309816357684069
STABL ALasso,0.8569799544288756,1.0,0.6588794606985819
STABL ElasticNet,0.7309816357684069,0.6588794606985819,1.0
