,STABL Lasso,STABL ALasso,STABL XGBoost
STABL Lasso,1.0,0.005374165690544381,1.0679965908282924e-30
STABL ALasso,0.005374165690544381,1.0,7.699964686141316e-33
STABL XGBoost,1.0679965908282924e-30,7.699964686141316e-33,1.0
