,Threshold,min FDP+
Fold n°1,0.1,0.058823529411764705
Fold n°2,0.1,0.058823529411764705
Fold n°3,0.1,0.05555555555555555
Fold n°4,0.1,0.09090909090909091
Fold n°5,0.11,0.07692307692307693
Fold n°6,0.1,0.05
Fold n°7,0.1,0.058823529411764705
Fold n°8,0.1,0.05555555555555555
Fold n°9,0.1,0.07142857142857142
Fold n°10,0.1,0.07142857142857142
Fold n°11,0.1,0.058823529411764705
Fold n°12,0.1,0.15384615384615385
Fold n°13,0.1,0.05
Fold n°14,0.1,0.25
Fold n°15,0.1,0.05
