,STABL Lasso,STABL ALasso,STABL XGBoost
STABL Lasso,1.0,0.0009499305532201624,0.6439155627097148
STABL ALasso,0.0009499305532201624,1.0,0.019922168934457828
STABL XGBoost,0.6439155627097148,0.019922168934457828,1.0
