,STABL Lasso,STABL ALasso,STABL XGBoost
STABL Lasso,1.0,0.36748536036382795,0.006056019763389166
STABL ALasso,0.36748536036382795,1.0,0.06949024357151326
STABL XGBoost,0.006056019763389166,0.06949024357151326,1.0
