,STABL Lasso,STABL ALasso,STABL XGBoost
STABL Lasso,1.0,0.1693555509329464,0.5929909325853101
STABL ALasso,0.1693555509329464,1.0,0.40578711793910927
STABL XGBoost,0.5929909325853101,0.40578711793910927,1.0
