,STABL Lasso,STABL ALasso,STABL XGBoost
STABL Lasso,1.0,0.9334479653120289,0.5226607197065809
STABL ALasso,0.9334479653120289,1.0,0.4466156125674954
STABL XGBoost,0.5226607197065809,0.4466156125674954,1.0
