{
    "model": "stabl_alasso",
    "varValues": 0.1,
    "lifThresh": 0.2,
    "n_bootstraps": 5000,
    "replace": true,
    "artificialTypes": "random_permutation",
    "artificialProportions": 1.0,
    "sampleFractions": 1.0,
    "fdrThreshParams": [
        0.01,
        1.0,
        0.01
    ],
    "varType": "thresh",
    "innerCVvals": [
        5,
        5
    ],
    "max_iter": 1000000,
    "useRandomSeed": true,
    "seedValue": 42,
    "n_jobs": -1,
    "n_jobs_nonstabl": 1,
    "C": [
        0.01,
        0.021544346900318832,
        0.046415888336127774,
        0.09999999999999999,
        0.21544346900318834,
        0.4641588833612777,
        1.0,
        2.154434690031882,
        4.641588833612777,
        10.0
    ],
    "varNames": [
        "C"
    ],
    "dataset": "LateFusion",
    "cvSeed": 1569669401,
    "lfTag": 16,
    "shorthand": "80_l"
}