,STABL Lasso,STABL ALasso,STABL XGBoost
STABL Lasso,1.0,0.09892202405551022,0.4743544143818279
STABL ALasso,0.09892202405551022,1.0,0.00504731442287498
STABL XGBoost,0.4743544143818279,0.00504731442287498,1.0
