,STABL Lasso,STABL ALasso,STABL ElasticNet,STABL XGBoost
STABL Lasso,1.0,4.216438940613048e-05,6.221538491699904e-10,2.7544149297201944e-05
STABL ALasso,4.216438940613048e-05,1.0,0.0009431291689566068,0.5835001978584657
STABL ElasticNet,6.221538491699904e-10,0.0009431291689566068,1.0,0.0037358139270404324
STABL XGBoost,2.7544149297201944e-05,0.5835001978584657,0.0037358139270404324,1.0
