,STABL Lasso,STABL ALasso,STABL ElasticNet,STABL XGBoost
STABL Lasso,1.0,0.7931246660327048,0.3379215198924056,8.509054159167161e-24
STABL ALasso,0.7931246660327048,1.0,0.2607450015702243,2.5485598539059006e-24
STABL ElasticNet,0.3379215198924056,0.2607450015702243,1.0,1.1159196987640974e-11
STABL XGBoost,8.509054159167161e-24,2.5485598539059006e-24,1.1159196987640974e-11,1.0
