,STABL Lasso,STABL ALasso,STABL ElasticNet,STABL XGBoost
STABL Lasso,1.0,0.8820116544489742,0.9824771313194035,0.9400491470631421
STABL ALasso,0.8820116544489742,1.0,0.9411082777413731,0.8537313169768538
STABL ElasticNet,0.9824771313194035,0.9411082777413731,1.0,0.9654932474906761
STABL XGBoost,0.9400491470631421,0.8537313169768538,0.9654932474906761,1.0
