,STABL Lasso,STABL ALasso,STABL XGBoost
STABL Lasso,1.0,1.9433544116136135e-31,2.966361178882279e-112
STABL ALasso,1.9433544116136135e-31,1.0,0.000270530627793986
STABL XGBoost,2.966361178882279e-112,0.000270530627793986,1.0
