,STABL Lasso,STABL ALasso,STABL XGBoost
STABL Lasso,1.0,0.2526528129621034,1.1367089443590728e-19
STABL ALasso,0.2526528129621034,1.0,4.321688443266002e-20
STABL XGBoost,1.1367089443590728e-19,4.321688443266002e-20,1.0
