,STABL Lasso,STABL ALasso,STABL ElasticNet
STABL Lasso,1.0,0.10715410826892004,3.635855752328438e-20
STABL ALasso,0.10715410826892004,1.0,7.557011907914888e-26
STABL ElasticNet,3.635855752328438e-20,7.557011907914888e-26,1.0
