,STABL Lasso,STABL ALasso,STABL XGBoost
STABL Lasso,1.0,0.050958818551072475,1.6101704949944552e-18
STABL ALasso,0.050958818551072475,1.0,3.0345837277535534e-24
STABL XGBoost,1.6101704949944552e-18,3.0345837277535534e-24,1.0
