,STABL Lasso,STABL ALasso,STABL XGBoost
STABL Lasso,1.0,0.3471969564362709,4.5114015640578875e-08
STABL ALasso,0.3471969564362709,1.0,1.4046403410451407e-11
STABL XGBoost,4.5114015640578875e-08,1.4046403410451407e-11,1.0
