,STABL Lasso,STABL ALasso,STABL XGBoost
STABL Lasso,1.0,0.5745394061522522,0.4692027856087406
STABL ALasso,0.5745394061522522,1.0,0.24386066801691997
STABL XGBoost,0.4692027856087406,0.24386066801691997,1.0
