,STABL Lasso,STABL ALasso,STABL XGBoost
STABL Lasso,1.0,6.513232648802989e-07,0.020531395036018973
STABL ALasso,6.513232648802989e-07,1.0,2.567346678838794e-11
STABL XGBoost,0.020531395036018973,2.567346678838794e-11,1.0
