,STABL Lasso,STABL ALasso,STABL XGBoost
STABL Lasso,1.0,0.49702300113866105,6.360076722792198e-08
STABL ALasso,0.49702300113866105,1.0,5.271373500087168e-06
STABL XGBoost,6.360076722792198e-08,5.271373500087168e-06,1.0
