,STABL Lasso,STABL ALasso,STABL XGBoost
STABL Lasso,1.0,0.6344654204637636,9.097404652408864e-27
STABL ALasso,0.6344654204637636,1.0,2.3782273774200005e-27
STABL XGBoost,9.097404652408864e-27,2.3782273774200005e-27,1.0
