,STABL Lasso,STABL ALasso,STABL XGBoost
STABL Lasso,1.0,0.0007275573626396908,8.37292986569181e-124
STABL ALasso,0.0007275573626396908,1.0,4.935696153537843e-98
STABL XGBoost,8.37292986569181e-124,4.935696153537843e-98,1.0
