,STABL Lasso,STABL ALasso,STABL XGBoost
STABL Lasso,1.0,0.3130593709793774,3.21689376024896e-09
STABL ALasso,0.3130593709793774,1.0,1.0675044084571464e-11
STABL XGBoost,3.21689376024896e-09,1.0675044084571464e-11,1.0
