,STABL ALasso,STABL XGBoost
STABL ALasso,1.0,1.3360628459771177e-07
STABL XGBoost,1.3360628459771177e-07,1.0
