,STABL Lasso,STABL ALasso,STABL ElasticNet,STABL XGBoost
STABL Lasso,1.0,7.161905002151384e-08,1.9336397821615753e-21,2.5019326840690757e-304
STABL ALasso,7.161905002151384e-08,1.0,5.030252950207879e-05,0.0
STABL ElasticNet,1.9336397821615753e-21,5.030252950207879e-05,1.0,0.0
STABL XGBoost,2.5019326840690757e-304,0.0,0.0,1.0
