,STABL Lasso,STABL ALasso,STABL ElasticNet,STABL XGBoost
STABL Lasso,1.0,0.6886135692106858,0.3164109941666058,4.554289435527092e-29
STABL ALasso,0.6886135692106858,1.0,0.620726644980591,9.004332880493267e-27
STABL ElasticNet,0.3164109941666058,0.620726644980591,1.0,6.434232216332293e-25
STABL XGBoost,4.554289435527092e-29,9.004332880493267e-27,6.434232216332293e-25,1.0
