,STABL Lasso,STABL ALasso,STABL ElasticNet,STABL XGBoost
STABL Lasso,1.0,7.698690215247778e-32,4.19925026402979e-229,0.0
STABL ALasso,7.698690215247778e-32,1.0,3.8547067065759395e-90,0.0
STABL ElasticNet,4.19925026402979e-229,3.8547067065759395e-90,1.0,0.0
STABL XGBoost,0.0,0.0,0.0,1.0
