,STABL Lasso,STABL ALasso,STABL ElasticNet,STABL XGBoost
STABL Lasso,1.0,0.0006577303911649697,0.0001727604236597392,6.69583759340243e-33
STABL ALasso,0.0006577303911649697,1.0,0.1191341287258681,3.764094870326072e-34
STABL ElasticNet,0.0001727604236597392,0.1191341287258681,1.0,1.3623463291709606e-24
STABL XGBoost,6.69583759340243e-33,3.764094870326072e-34,1.3623463291709606e-24,1.0
