,Lasso,RandomForest,XGBoost,STABL Lasso,STABL RandomForest,STABL XGBoost
Lasso,1.0,1.0882223538340688e-07,0.5555840218199676,8.821522423195912e-10,6.226304834402929e-22,1.7290270261131287e-05
RandomForest,1.0882223538340688e-07,1.0,8.736488104497675e-26,0.06283244840371659,1.3990242100365876e-28,0.0015680180995196339
XGBoost,0.5555840218199676,8.736488104497675e-26,1.0,1.1335214962595136e-18,2.013414194347765e-34,8.215649373991807e-11
STABL Lasso,8.821522423195912e-10,0.06283244840371659,1.1335214962595136e-18,1.0,1.4694668848837857e-10,0.18979900424560048
STABL RandomForest,6.226304834402929e-22,1.3990242100365876e-28,2.013414194347765e-34,1.4694668848837857e-10,1.0,0.0011133177622208081
STABL XGBoost,1.7290270261131287e-05,0.0015680180995196339,8.215649373991807e-11,0.18979900424560048,0.0011133177622208081,1.0
