,STABL ALasso,STABL XGBoost
STABL ALasso,1.0,1.1523120320528887e-64
STABL XGBoost,1.1523120320528887e-64,1.0
