,STABL ALasso,STABL XGBoost
STABL ALasso,1.0,2.801267994538075e-09
STABL XGBoost,2.801267994538075e-09,1.0
