,STABL Lasso,STABL ALasso,STABL XGBoost
STABL Lasso,1.0,0.09553231327535815,3.432627040756776e-15
STABL ALasso,0.09553231327535815,1.0,6.766473069401689e-12
STABL XGBoost,3.432627040756776e-15,6.766473069401689e-12,1.0
