,STABL Lasso,STABL Alasso,STABL ElasticNet,STABL XGBoost
STABL Lasso,1.0,5.5466604568501645e-39,4.1124671114688854e-22,1.3037855683675699e-33
STABL Alasso,5.5466604568501645e-39,1.0,5.6329710457395205e-39,5.1099644009840575e-39
STABL ElasticNet,4.1124671114688854e-22,5.6329710457395205e-39,1.0,4.5734263428332875e-33
STABL XGBoost,1.3037855683675699e-33,5.1099644009840575e-39,4.5734263428332875e-33,1.0
