,STABL Lasso,STABL ALasso,STABL XGBoost
STABL Lasso,1.0,0.3471969564362709,3.0226079032777923e-28
STABL ALasso,0.3471969564362709,1.0,2.2027412225471232e-35
STABL XGBoost,3.0226079032777923e-28,2.2027412225471232e-35,1.0
