,STABL Lasso,STABL ALasso,STABL XGBoost
STABL Lasso,1.0,0.5745394061522522,0.14724648833630513
STABL ALasso,0.5745394061522522,1.0,0.0647345717417889
STABL XGBoost,0.14724648833630513,0.0647345717417889,1.0
