,STABL Lasso,STABL ALasso
STABL Lasso,1.0,4.200915704126475e-11
STABL ALasso,4.200915704126475e-11,1.0
