,STABL Lasso,STABL ALasso
STABL Lasso,1.0,0.44056631152320036
STABL ALasso,0.44056631152320036,1.0
