,STABL Lasso,STABL ALasso
STABL Lasso,1.0,0.8212471630260624
STABL ALasso,0.8212471630260624,1.0
