,STABL Lasso,STABL ALasso
STABL Lasso,1.0,0.689825003702607
STABL ALasso,0.689825003702607,1.0
