,STABL Lasso,STABL ALasso,STABL XGBoost
STABL Lasso,1.0,0.0007275573626396908,3.3076538681536684e-23
STABL ALasso,0.0007275573626396908,1.0,6.163729946923057e-13
STABL XGBoost,3.3076538681536684e-23,6.163729946923057e-13,1.0
