,STABL Lasso,STABL ALasso,STABL XGBoost
STABL Lasso,1.0,0.3130593709793774,5.474250298416503e-08
STABL ALasso,0.3130593709793774,1.0,2.554862482975932e-10
STABL XGBoost,5.474250298416503e-08,2.554862482975932e-10,1.0
