,STABL Lasso,STABL ALasso,STABL XGBoost
STABL Lasso,1.0,0.016236328272736363,3.340389422127563e-95
STABL ALasso,0.016236328272736363,1.0,1.738029520820621e-89
STABL XGBoost,3.340389422127563e-95,1.738029520820621e-89,1.0
