,STABL Lasso,STABL ALasso,STABL XGBoost
STABL Lasso,1.0,0.8241541663086611,2.3143273333523632e-08
STABL ALasso,0.8241541663086611,1.0,2.9424958734428474e-08
STABL XGBoost,2.3143273333523632e-08,2.9424958734428474e-08,1.0
