,STABL Lasso,STABL ALasso,STABL XGBoost
STABL Lasso,1.0,0.27513914478759083,1.1650892488949587e-46
STABL ALasso,0.27513914478759083,1.0,2.946512476994177e-51
STABL XGBoost,1.1650892488949587e-46,2.946512476994177e-51,1.0
