,STABL Lasso,STABL ALasso,STABL XGBoost
STABL Lasso,1.0,0.7728189132680705,1.0791586857717787e-06
STABL ALasso,0.7728189132680705,1.0,1.756439516777243e-07
STABL XGBoost,1.0791586857717787e-06,1.756439516777243e-07,1.0
