,STABL Lasso,STABL ALasso,STABL ElasticNet,STABL XGBoost
STABL Lasso,1.0,0.4018940067753959,1.1707111545581655e-05,7.68341047328473e-136
STABL ALasso,0.4018940067753959,1.0,1.7839245010130013e-06,1.306448977513574e-145
STABL ElasticNet,1.1707111545581655e-05,1.7839245010130013e-06,1.0,2.435392252460726e-47
STABL XGBoost,7.68341047328473e-136,1.306448977513574e-145,2.435392252460726e-47,1.0
