,STABL Lasso,STABL ALasso,STABL ElasticNet,STABL XGBoost
STABL Lasso,1.0,0.5476585778863093,2.1665039034024304e-26,2.2540366630722905e-06
STABL ALasso,0.5476585778863093,1.0,2.85977277705583e-27,1.1552475911892715e-07
STABL ElasticNet,2.1665039034024304e-26,2.85977277705583e-27,1.0,9.141629767814161e-18
STABL XGBoost,2.2540366630722905e-06,1.1552475911892715e-07,9.141629767814161e-18,1.0
