,STABL Lasso,STABL ALasso,STABL ElasticNet,STABL XGBoost
STABL Lasso,1.0,0.8620927795846816,0.7701489222201455,0.9739837148492304
STABL ALasso,0.8620927795846816,1.0,0.9188912764472987,0.8474709093255353
STABL ElasticNet,0.7701489222201455,0.9188912764472987,1.0,0.7277748438371238
STABL XGBoost,0.9739837148492304,0.8474709093255353,0.7277748438371238,1.0
