,STABL Lasso,STABL ALasso,STABL XGBoost
STABL Lasso,1.0,0.15426029475119826,4.746785448241017e-24
STABL ALasso,0.15426029475119826,1.0,3.3629834801688824e-26
STABL XGBoost,4.746785448241017e-24,3.3629834801688824e-26,1.0
