,Threshold,min FDP+
Fold n°1,0.11,0.375
Fold n°2,0.12,1.0
Fold n°3,0.11,0.75
Fold n°4,0.2699999999999999,1.0
Fold n°5,0.17999999999999997,0.16666666666666666
Fold n°6,0.18999999999999995,1.0
Fold n°7,0.1,0.8888888888888888
Fold n°8,0.13,0.5714285714285714
Fold n°9,0.22999999999999995,0.5
Fold n°10,0.21999999999999995,1.0
Fold n°11,0.21999999999999995,0.3333333333333333
Fold n°12,0.13,1.0
Fold n°13,0.15999999999999998,0.8
Fold n°14,0.15999999999999998,1.0
Fold n°15,0.15999999999999998,0.5
