,STABL Lasso,STABL ALasso,STABL XGBoost
STABL Lasso,1.0,0.7312078964672721,1.7905164793538354e-26
STABL ALasso,0.7312078964672721,1.0,1.1355909638575627e-27
STABL XGBoost,1.7905164793538354e-26,1.1355909638575627e-27,1.0
