,STABL Lasso,STABL ALasso,STABL XGBoost
STABL Lasso,1.0,5.16916962345756e-10,4.9519992586867276e-170
STABL ALasso,5.16916962345756e-10,1.0,1.0145915276754655e-238
STABL XGBoost,4.9519992586867276e-170,1.0145915276754655e-238,1.0
