,STABL Lasso,STABL ALasso,STABL XGBoost
STABL Lasso,1.0,0.47023004389937495,0.538153625651709
STABL ALasso,0.47023004389937495,1.0,0.20799398594453122
STABL XGBoost,0.538153625651709,0.20799398594453122,1.0
