,STABL Lasso,STABL ALasso,STABL XGBoost
STABL Lasso,1.0,0.31814665190693303,1.7622133901901574e-14
STABL ALasso,0.31814665190693303,1.0,1.0185894318383003e-15
STABL XGBoost,1.7622133901901574e-14,1.0185894318383003e-15,1.0
