,STABL Lasso,STABL ALasso,STABL XGBoost
STABL Lasso,1.0,0.6708584188536644,0.004768861076649712
STABL ALasso,0.6708584188536644,1.0,0.0011842066572454227
STABL XGBoost,0.004768861076649712,0.0011842066572454227,1.0
