,STABL Lasso,STABL ALasso,STABL XGBoost
STABL Lasso,1.0,0.6818979179561403,1.093882141480296e-14
STABL ALasso,0.6818979179561403,1.0,1.720019423169476e-13
STABL XGBoost,1.093882141480296e-14,1.720019423169476e-13,1.0
