,STABL Lasso,STABL ALasso,STABL XGBoost
STABL Lasso,1.0,0.8999756829828248,5.703030779566233e-11
STABL ALasso,0.8999756829828248,1.0,5.981483695429043e-11
STABL XGBoost,5.703030779566233e-11,5.981483695429043e-11,1.0
