,STABL Lasso,STABL ALasso,STABL XGBoost
STABL Lasso,1.0,1.25250917132543e-06,0.0006320333080164532
STABL ALasso,1.25250917132543e-06,1.0,2.1043955915975234e-14
STABL XGBoost,0.0006320333080164532,2.1043955915975234e-14,1.0
