,STABL Lasso,STABL ALasso,STABL XGBoost
STABL Lasso,1.0,0.6308240805741196,5.3591384419126614e-09
STABL ALasso,0.6308240805741196,1.0,6.901778216813372e-07
STABL XGBoost,5.3591384419126614e-09,6.901778216813372e-07,1.0
