,Lasso,RandomForest,XGBoost,STABL Lasso,STABL RandomForest,STABL XGBoost
Lasso,1.0,1.0882223538340688e-07,0.5555840218199676,0.32501513399676096,3.3598847136618085e-23,1.039494312354145e-05
RandomForest,1.0882223538340688e-07,1.0,8.736488104497675e-26,0.0006595853236004244,2.9605243934948133e-22,5.397375310510868e-06
XGBoost,0.5555840218199676,8.736488104497675e-26,1.0,0.007961196904212316,1.5186449974742114e-31,1.5979943383391325e-07
STABL Lasso,0.32501513399676096,0.0006595853236004244,0.007961196904212316,1.0,1.9940513631780917e-19,1.926930161990057e-06
STABL RandomForest,3.3598847136618085e-23,2.9605243934948133e-22,1.5186449974742114e-31,1.9940513631780917e-19,1.0,0.45035182999112633
STABL XGBoost,1.039494312354145e-05,5.397375310510868e-06,1.5979943383391325e-07,1.926930161990057e-06,0.45035182999112633,1.0
