,STABL Lasso,STABL ALasso,STABL ElasticNet,STABL XGBoost
STABL Lasso,1.0,1.4950357459464901e-23,5.692889190031386e-32,9.420416163610476e-05
STABL ALasso,1.4950357459464901e-23,1.0,0.004213388996970473,2.365721742289948e-07
STABL ElasticNet,5.692889190031386e-32,0.004213388996970473,1.0,2.361477927694078e-12
STABL XGBoost,9.420416163610476e-05,2.365721742289948e-07,2.361477927694078e-12,1.0
