,STABL Lasso,STABL ALasso,STABL ElasticNet,STABL XGBoost
STABL Lasso,1.0,0.36068245195695525,2.3543817631905123e-27,0.0769267600589088
STABL ALasso,0.36068245195695525,1.0,4.494781669439476e-28,0.005920667155264523
STABL ElasticNet,2.3543817631905123e-27,4.494781669439476e-28,1.0,1.126502573026534e-20
STABL XGBoost,0.0769267600589088,0.005920667155264523,1.126502573026534e-20,1.0
