,STABL Lasso,STABL ALasso,STABL ElasticNet,STABL XGBoost
STABL Lasso,1.0,0.9368723986406965,0.9421675125784246,0.967615535254593
STABL ALasso,0.9368723986406965,1.0,0.8788613174642962,0.9083328947834788
STABL ElasticNet,0.9421675125784246,0.8788613174642962,1.0,0.9591279107124423
STABL XGBoost,0.967615535254593,0.9083328947834788,0.9591279107124423,1.0
