,STABL Lasso,STABL ALasso,STABL XGBoost
STABL Lasso,1.0,1.25250917132543e-06,4.080699313120153e-05
STABL ALasso,1.25250917132543e-06,1.0,2.2996132535359295e-16
STABL XGBoost,4.080699313120153e-05,2.2996132535359295e-16,1.0
