,STABL Lasso,STABL ALasso,STABL XGBoost
STABL Lasso,1.0,0.6308240805741196,5.151519967974428e-09
STABL ALasso,0.6308240805741196,1.0,1.4724412623272027e-06
STABL XGBoost,5.151519967974428e-09,1.4724412623272027e-06,1.0
