,Lasso,RandomForest,XGBoost,STABL Lasso,STABL RandomForest,STABL XGBoost
Lasso,1.0,0.11508222063203441,0.05650627998933963,0.0910249555960229,0.7545404367044835,0.33611737205963776
RandomForest,0.11508222063203441,1.0,0.4244154960288743,0.14049247309633758,0.605680224386151,0.4042239812760954
XGBoost,0.05650627998933963,0.4244154960288743,1.0,0.20358389389317655,0.6129534610685878,0.4825654843306044
STABL Lasso,0.0910249555960229,0.14049247309633758,0.20358389389317655,1.0,0.8884792862249165,0.14021299613308275
STABL RandomForest,0.7545404367044835,0.605680224386151,0.6129534610685878,0.8884792862249165,1.0,0.27817180316294965
STABL XGBoost,0.33611737205963776,0.4042239812760954,0.4825654843306044,0.14021299613308275,0.27817180316294965,1.0
