,STABL Lasso,STABL ALasso,STABL XGBoost
STABL Lasso,1.0,0.20564098062254843,0.003403224217850143
STABL ALasso,0.20564098062254843,1.0,7.590471966401127e-05
STABL XGBoost,0.003403224217850143,7.590471966401127e-05,1.0
