,STABL Lasso,STABL ALasso,STABL XGBoost
STABL Lasso,1.0,0.3626642637329519,0.3139626671431035
STABL ALasso,0.3626642637329519,1.0,0.06624457114728677
STABL XGBoost,0.3139626671431035,0.06624457114728677,1.0
