,STABL Lasso,STABL ALasso,STABL ElasticNet
STABL Lasso,1.0,1.9948138298632862e-173,1.9948138298632862e-173
STABL ALasso,1.9948138298632862e-173,1.0,1.0
STABL ElasticNet,1.9948138298632862e-173,1.0,1.0
