B,A,union_n_features,artificial_prop,mean_intra_jaccard
200,0.5,159,0.0,0.4076252251203354
50,1.0,355,0.0,0.34476729797910494
100,1.0,258,0.0,0.3744333744441
200,1.0,180,0.0,0.3990024757321755
500,1.0,29,0.0,0.4508339989877423
200,2.0,139,0.0,0.41537569476995717
200,5.0,18,0.0,0.2753032125001822
