,STABL Lasso,STABL ALasso,STABL XGBoost
STABL Lasso,1.0,8.032737243338708e-98,1.114909055429756e-254
STABL ALasso,8.032737243338708e-98,1.0,0.0
STABL XGBoost,1.114909055429756e-254,0.0,1.0
