,STABL Lasso,STABL ALasso,STABL XGBoost
STABL Lasso,1.0,0.004368827548992406,5.876758861494136e-22
STABL ALasso,0.004368827548992406,1.0,7.6559076058164e-26
STABL XGBoost,5.876758861494136e-22,7.6559076058164e-26,1.0
