,STABL Lasso,STABL ALasso,STABL XGBoost
STABL Lasso,1.0,1.1219773704802269e-29,5.409501648441759e-133
STABL ALasso,1.1219773704802269e-29,1.0,6.944459356820451e-248
STABL XGBoost,5.409501648441759e-133,6.944459356820451e-248,1.0
