,STABL Lasso,STABL ALasso,STABL XGBoost
STABL Lasso,1.0,0.06847125492073773,0.06790669760677784
STABL ALasso,0.06847125492073773,1.0,0.0002380106571384502
STABL XGBoost,0.06790669760677784,0.0002380106571384502,1.0
