,STABL Lasso,STABL ALasso,STABL ElasticNet
STABL Lasso,1.0,1.0113729259977337e-70,1.0113729259977337e-70
STABL ALasso,1.0113729259977337e-70,1.0,1.0
STABL ElasticNet,1.0113729259977337e-70,1.0,1.0
