,STABL Lasso,STABL ALasso,STABL ElasticNet,STABL XGBoost
STABL Lasso,1.0,0.15612399406197686,5.1991111975655555e-138,2.1604617410349873e-112
STABL ALasso,0.15612399406197686,1.0,1.704187355893613e-128,1.2182994789424164e-131
STABL ElasticNet,5.1991111975655555e-138,1.704187355893613e-128,1.0,0.0
STABL XGBoost,2.1604617410349873e-112,1.2182994789424164e-131,0.0,1.0
