,STABL Lasso,STABL ALasso,STABL ElasticNet,STABL XGBoost
STABL Lasso,1.0,0.6943773218792371,4.029559151485589e-24,7.52603867162774e-09
STABL ALasso,0.6943773218792371,1.0,2.5841243391355907e-23,8.971812994432228e-08
STABL ElasticNet,4.029559151485589e-24,2.5841243391355907e-23,1.0,1.5369380082800446e-33
STABL XGBoost,7.52603867162774e-09,8.971812994432228e-08,1.5369380082800446e-33,1.0
