,STABL Lasso,STABL ALasso,STABL ElasticNet,STABL XGBoost
STABL Lasso,1.0,0.9267554687837782,0.5558877074851827,0.8786399966395272
STABL ALasso,0.9267554687837782,1.0,0.6498824217381688,0.9635460375740926
STABL ElasticNet,0.5558877074851827,0.6498824217381688,1.0,0.6468946345366111
STABL XGBoost,0.8786399966395272,0.9635460375740926,0.6468946345366111,1.0
