,STABL Lasso,STABL ALasso,STABL ElasticNet,STABL XGBoost
STABL Lasso,1.0,0.4276674449320348,0.010871083236314735,2.8924148890686625e-25
STABL ALasso,0.4276674449320348,1.0,0.0013374489859703834,8.176809552540152e-27
STABL ElasticNet,0.010871083236314735,0.0013374489859703834,1.0,1.2509172810975627e-30
STABL XGBoost,2.8924148890686625e-25,8.176809552540152e-27,1.2509172810975627e-30,1.0
