,STABL Lasso,STABL ALasso,STABL ElasticNet,STABL XGBoost
STABL Lasso,1.0,0.9946896444113468,0.9707993923280501,0.8641856381187878
STABL ALasso,0.9946896444113468,1.0,0.9315800751799795,0.9104433365674759
STABL ElasticNet,0.9707993923280501,0.9315800751799795,1.0,0.9284061174072651
STABL XGBoost,0.8641856381187878,0.9104433365674759,0.9284061174072651,1.0
