,STABL Lasso,STABL ALasso,STABL ElasticNet,STABL XGBoost
STABL Lasso,1.0,0.0006577303911649697,0.0001727604236597392,8.702169545774318e-23
STABL ALasso,0.0006577303911649697,1.0,0.1191341287258681,1.2790124334830757e-29
STABL ElasticNet,0.0001727604236597392,0.1191341287258681,1.0,1.5739533929200664e-19
STABL XGBoost,8.702169545774318e-23,1.2790124334830757e-29,1.5739533929200664e-19,1.0
