,STABL Lasso,STABL ALasso,STABL XGBoost
STABL Lasso,1.0,0.0009499305532201624,0.03641977903135297
STABL ALasso,0.0009499305532201624,1.0,0.4693350461231611
STABL XGBoost,0.03641977903135297,0.4693350461231611,1.0
