,STABL Lasso,STABL ALasso,STABL XGBoost
STABL Lasso,1.0,0.36748536036382795,0.002305754145753199
STABL ALasso,0.36748536036382795,1.0,0.03171956529348887
STABL XGBoost,0.002305754145753199,0.03171956529348887,1.0
