,Lasso,RandomForest,XGBoost,STABL Lasso,STABL RandomForest,STABL XGBoost
Lasso,1.0,5.874203132348658e-36,5.87450326035469e-36,0.5872414717963184,1.662556579451952e-30,2.5832675571120557e-32
RandomForest,5.874203132348658e-36,1.0,3.812096289634577e-27,5.86580561354684e-36,5.870602761845161e-36,5.843369865874895e-36
XGBoost,5.87450326035469e-36,3.812096289634577e-27,1.0,5.866105323343052e-36,5.870902710548858e-36,5.843668458259446e-36
STABL Lasso,0.5872414717963184,5.86580561354684e-36,5.866105323343052e-36,1.0,2.6376365316315995e-19,5.801401565870385e-23
STABL RandomForest,1.662556579451952e-30,5.870602761845161e-36,5.870902710548858e-36,2.6376365316315995e-19,1.0,0.0032785792764860643
STABL XGBoost,2.5832675571120557e-32,5.843369865874895e-36,5.843668458259446e-36,5.801401565870385e-23,0.0032785792764860643,1.0
