,Lasso,RandomForest,XGBoost,STABL Lasso,STABL RandomForest,STABL XGBoost
Lasso,1.0,3.357998495257248e-06,3.357998495257248e-06,0.011255096689431894,0.8517873028593423,0.17672897755999217
RandomForest,3.357998495257248e-06,1.0,0.0004212178109353761,3.3664279926465512e-06,3.3664279926465512e-06,3.282914414072165e-06
XGBoost,3.357998495257248e-06,0.0004212178109353761,1.0,3.3664279926465512e-06,3.3664279926465512e-06,3.282914414072165e-06
STABL Lasso,0.011255096689431894,3.3664279926465512e-06,3.3664279926465512e-06,1.0,0.0036602070101735148,0.32888359981706683
STABL RandomForest,0.8517873028593423,3.3664279926465512e-06,3.3664279926465512e-06,0.0036602070101735148,1.0,7.855350396247014e-05
STABL XGBoost,0.17672897755999217,3.282914414072165e-06,3.282914414072165e-06,0.32888359981706683,7.855350396247014e-05,1.0
