,Lasso,RandomForest,XGBoost,STABL Lasso,STABL RandomForest,STABL XGBoost
Lasso,1.0,0.11508222063203441,0.08428064126372813,0.33768525476171374,0.5544949214476905,0.986740008930404
RandomForest,0.11508222063203441,1.0,0.4077448212311884,0.4646162229588081,0.5819575925191072,0.9751403956288845
XGBoost,0.08428064126372813,0.4077448212311884,1.0,0.5805339154594749,0.6166044852680788,0.9329473259903952
STABL Lasso,0.33768525476171374,0.4646162229588081,0.5805339154594749,1.0,0.6831111641448366,0.9090313469676422
STABL RandomForest,0.5544949214476905,0.5819575925191072,0.6166044852680788,0.6831111641448366,1.0,0.7038150536886443
STABL XGBoost,0.986740008930404,0.9751403956288845,0.9329473259903952,0.9090313469676422,0.7038150536886443,1.0
