,STABL Lasso,STABL ALasso,STABL XGBoost
STABL Lasso,1.0,1.1219773704802269e-29,2.191976060837491e-84
STABL ALasso,1.1219773704802269e-29,1.0,5.1274407686456675e-186
STABL XGBoost,2.191976060837491e-84,5.1274407686456675e-186,1.0
