,STABL Lasso,STABL ALasso,STABL XGBoost
STABL Lasso,1.0,0.06847125492073773,0.13710559702230482
STABL ALasso,0.06847125492073773,1.0,0.0007805788561651892
STABL XGBoost,0.13710559702230482,0.0007805788561651892,1.0
