,STABL Lasso,STABL ALasso,STABL XGBoost
STABL Lasso,1.0,0.03180141358939567,2.6911065327521183e-30
STABL ALasso,0.03180141358939567,1.0,4.233854152258884e-42
STABL XGBoost,2.6911065327521183e-30,4.233854152258884e-42,1.0
