,STABL Lasso,STABL ALasso,STABL XGBoost
STABL Lasso,1.0,0.7740203639707256,0.002164670830894396
STABL ALasso,0.7740203639707256,1.0,0.0017781921741289318
STABL XGBoost,0.002164670830894396,0.0017781921741289318,1.0
