,STABL Lasso,STABL ALasso,STABL XGBoost
STABL Lasso,1.0,0.03180141358939567,1.0537842787072363e-32
STABL ALasso,0.03180141358939567,1.0,2.7478389959314075e-45
STABL XGBoost,1.0537842787072363e-32,2.7478389959314075e-45,1.0
