,STABL Lasso,STABL ALasso,STABL XGBoost
STABL Lasso,1.0,0.7740203639707256,0.0013470027291061033
STABL ALasso,0.7740203639707256,1.0,0.0011796831968026275
STABL XGBoost,0.0013470027291061033,0.0011796831968026275,1.0
