,STABL Lasso,STABL ALasso,STABL XGBoost
STABL Lasso,1.0,0.0005471942732266186,9.727755056759893e-12
STABL ALasso,0.0005471942732266186,1.0,3.049022074308116e-24
STABL XGBoost,9.727755056759893e-12,3.049022074308116e-24,1.0
