,STABL Lasso,STABL ALasso,STABL XGBoost
STABL Lasso,1.0,0.01461536269733049,7.298512693782074e-08
STABL ALasso,0.01461536269733049,1.0,1.0264187006685521e-13
STABL XGBoost,7.298512693782074e-08,1.0264187006685521e-13,1.0
