,STABL Lasso,STABL ALasso,STABL XGBoost
STABL Lasso,1.0,0.49803588054591075,4.138479802285621e-117
STABL ALasso,0.49803588054591075,1.0,1.856203472403156e-106
STABL XGBoost,4.138479802285621e-117,1.856203472403156e-106,1.0
