,STABL Lasso,STABL ALasso,STABL XGBoost
STABL Lasso,1.0,0.558937177685362,0.0013230325710699368
STABL ALasso,0.558937177685362,1.0,0.006799726633150393
STABL XGBoost,0.0013230325710699368,0.006799726633150393,1.0
